Geo Point;Geo Shape;gid;geom_o;geom_err;ident;insee;adresse;implantation;gestionnaire;libelle;nb_place;nb_pmr;nb_irve;condition_acces;actif;cdate;mdate
44.8381669, -0.5846129;"{""coordinates"": [-0.5846129, 44.8381669], ""type"": ""Point""}";1193;0;;045;33063;Rue Claude Bonnier 33000 Bordeaux;PARKING_PUBLIC;CITIZ;Meriadeck Parking Meriadeck;5;0;0;SOUS_CONDITION;True;2017-12-05T00:00:00+01:00;2023-11-28T15:32:18+01:00
44.837916, -0.568522;"{""coordinates"": [-0.568522, 44.837916], ""type"": ""Point""}";1200;0;;004;33063;8Cours d'Alsace-et-Lorraine 33000 Bordeaux;VOIRIE;CITIZ;Alsace-Lorraine (Agence Citiz);2;0;0;LIBRE;True;2017-12-05T09:21:37+01:00;2023-11-28T11:13:48+01:00
44.8489006, -0.5714739;"{""coordinates"": [-0.5714739, 44.8489006], ""type"": ""Point""}";1207;0;;005;33063;11 Cours Xavier Arnozan 33000 Bordeaux;VOIRIE;CITIZ;Arnozan;2;0;0;LIBRE;True;2017-12-05T00:00:00+01:00;2023-11-29T16:32:18+01:00
44.83612, -0.5669071;"{""coordinates"": [-0.5669071, 44.83612], ""type"": ""Point""}";1213;0;;058;33063;11 Cours Victor Hugo 33000 Bordeaux;VOIRIE;CITIZ;Porte de Bourgogne;2;0;0;LIBRE;True;2017-12-05T00:00:00+01:00;2023-11-28T16:08:23+01:00
44.8429262, -0.5710649;"{""coordinates"": [-0.5710649, 44.8429262], ""type"": ""Point""}";1217;0;;039;33063;3 Place Jean Jaurès 33000 Bordeaux;VOIRIE;CITIZ;Jean Jaurès;2;0;0;LIBRE;True;2017-12-05T00:00:00+01:00;2023-11-28T15:20:51+01:00
44.8423574, -0.5794243;"{""coordinates"": [-0.5794243, 44.8423574], ""type"": ""Point""}";1220;0;;029;33063;18 Cours Georges Clemenceau 33000 Bordeaux;VOIRIE;CITIZ;Gambetta Clémenceau;2;0;0;LIBRE;True;2017-12-05T00:00:00+01:00;2023-11-28T14:45:16+01:00
44.8087943, -0.5883232;"{""coordinates"": [-0.5883232, 44.8087943], ""type"": ""Point""}";1222;0;;084;33522;15 Rue du Professeur Arnozan 33400 Talence;VOIRIE;CITIZ;Talence Mairie;1;0;0;LIBRE;True;2017-12-05T00:00:00+01:00;2023-11-29T15:02:52+01:00
44.8415197, -0.5465118;"{""coordinates"": [-0.5465118, 44.8415197], ""type"": ""Point""}";1225;0;;010;33063;231 Rue de la Benauge 33100 Bordeaux;VOIRIE;CITIZ;Benauge;2;0;0;LIBRE;True;2018-10-23T15:57:51+02:00;2023-11-28T11:52:01+01:00
44.8230109, -0.5523777;"{""coordinates"": [-0.5523777, 44.8230109], ""type"": ""Point""}";1226;0;;013;33063;31 rue Sarette 33800 Bordeaux;VOIRIE;CITIZ;Belcier;2;0;0;LIBRE;True;2018-10-23T16:00:00+02:00;2023-11-28T13:06:39+01:00
44.8606565, -0.5634565;"{""coordinates"": [-0.5634565, 44.8606565], ""type"": ""Point""}";1236;0;;007;33063;180 Cours Balguerie Stuttenberg  33300 Bordeaux;VOIRIE;CITIZ;Balguerie;2;0;0;LIBRE;True;;2023-11-28T11:44:06+01:00
44.819254, -0.5803157;"{""coordinates"": [-0.5803157, 44.819254], ""type"": ""Point""}";1237;0;;086;33522;72 Rue Victor Hugo  33400 Talence;AUTRE;CITIZ;Rue Victor Hugo;1;0;0;LIBRE;True;;2023-11-29T15:09:35+01:00
44.8072714, -0.5477972;"{""coordinates"": [-0.5477972, 44.8072714], ""type"": ""Point""}";1696;0;;001;33039;Place du Bicentenaire;VOIRIE;CITIZ;Place du Bicentenaire;2;0;0;LIBRE;True;2023-11-27T15:57:25+01:00;2023-11-28T11:09:11+01:00
44.8426787, -0.6234888;"{""coordinates"": [-0.6234888, 44.8426787], ""type"": ""Point""}";1748;0;;124;33063;Rue du Général Castelnau;AUTRE;CITIZ;Titi Floris Gallieni;1;0;0;LIBRE;True;2023-11-29T17:00:54+01:00;2023-11-29T17:00:54+01:00
44.8066418, -0.5924213;"{""coordinates"": [-0.5924213, 44.8066418], ""type"": ""Point""}";1734;0;;085;33522;Avenue Roul, Talence;VOIRIE;CITIZ;Peixotto;2;0;0;LIBRE;True;2023-11-29T15:06:00+01:00;2023-11-29T15:06:00+01:00
44.9260217, -0.4875472;"{""coordinates"": [-0.4875472, 44.9260217], ""type"": ""Point""}";1735;0;;087;33003;14 rue Jean Moulin;VOIRIE;CITIZ;Titi Floris Ambares;1;0;0;LIBRE;True;2023-11-29T15:50:02+01:00;2023-11-29T15:50:02+01:00
44.8815811, -0.6124876;"{""coordinates"": [-0.6124876, 44.8815811], ""type"": ""Point""}";1737;0;;090;33075;mairie de Bruges;PARKING_PUBLIC;CITIZ;Mairie de BRUGES;2;0;0;SOUS_CONDITION;True;2023-11-29T15:57:08+01:00;2023-11-29T15:57:08+01:00
44.8759522, -0.6622907;"{""coordinates"": [-0.6622907, 44.8759522], ""type"": ""Point""}";1738;0;;100;33162;17 rue Aimée Césaire;AUTRE;CITIZ;Titi Floris Eysines;1;0;0;SOUS_CONDITION;True;2023-11-29T16:05:30+01:00;2023-11-29T16:05:30+01:00
44.794671, -0.6649994;"{""coordinates"": [-0.6649994, 44.794671], ""type"": ""Point""}";1740;0;;102;33318;Place de Navarre;AUTRE;CITIZ;Titi Floris Pessac;1;0;0;SOUS_CONDITION;True;2023-11-29T16:12:03+01:00;2023-11-29T16:12:03+01:00
44.7813294, -0.6054368;"{""coordinates"": [-0.6054368, 44.7813294], ""type"": ""Point""}";1744;0;;110;33192;Rue François Xavier;VOIRIE;CITIZ;Titi floris Gradignan;1;0;0;LIBRE;True;2023-11-29T16:29:39+01:00;2023-11-29T16:29:39+01:00
44.8228236, -0.5538564;"{""coordinates"": [-0.5538564, 44.8228236], ""type"": ""Point""}";1707;0;;024;33063;15 Allée Eugène Delacroix;VOIRIE;CITIZ;DeLaCroix;2;0;0;LIBRE;True;2023-11-28T13:50:33+01:00;2023-11-28T13:50:33+01:00
44.8471192, -0.5837184;"{""coordinates"": [-0.5837184, 44.8471192], ""type"": ""Point""}";1708;0;;026;33063;40-42 Rue Emile Fourcand;VOIRIE;CITIZ;Fourcand / Barraud;2;0;0;LIBRE;True;2023-11-28T13:53:08+01:00;2023-11-28T13:53:08+01:00
44.8227048, -0.5933272;"{""coordinates"": [-0.5933272, 44.8227048], ""type"": ""Point""}";1709;0;;028;33522;106-108 Crs Maréchal Gallieni;VOIRIE;CITIZ;Gallieni;2;0;0;LIBRE;True;2023-11-28T14:44:23+01:00;2023-11-29T16:09:32+01:00
44.8427812, -0.6284184;"{""coordinates"": [-0.6284184, 44.8427812], ""type"": ""Point""}";1710;0;;030;33063;51 avenue de la Gare;VOIRIE;CITIZ;Gare Caudéran Mérignac;1;0;0;LIBRE;True;2023-11-28T14:47:17+01:00;2023-11-28T14:47:17+01:00
44.8334598, -0.5934568;"{""coordinates"": [-0.5934568, 44.8334598], ""type"": ""Point""}";1712;0;;034;33063;75 Rue du Général Larminat;VOIRIE;CITIZ;Gaviniès;1;0;0;LIBRE;True;2023-11-28T14:53:31+01:00;2023-11-28T14:54:36+01:00
44.8439003, -0.5723721;"{""coordinates"": [-0.5723721, 44.8439003], ""type"": ""Point""}";1722;0;;049;33063;20 allée d'Orléans;VOIRIE;CITIZ;Orléans;2;0;0;LIBRE;True;2023-11-28T15:51:54+01:00;2023-11-28T15:51:54+01:00
44.823181, -0.5773702;"{""coordinates"": [-0.5773702, 44.823181], ""type"": ""Point""}";1727;0;;057;33063;7 Pl Simiot;VOIRIE;CITIZ;Place Simiot;2;0;0;LIBRE;True;2023-11-28T16:06:12+01:00;2023-11-28T16:06:12+01:00
44.8554204, -0.5641594;"{""coordinates"": [-0.5641594, 44.8554204], ""type"": ""Point""}";1728;0;;059;33063;111 Quai des Chartrons;VOIRIE;CITIZ;Quai des Chartrons;2;0;0;LIBRE;True;2023-11-28T16:10:21+01:00;2023-11-28T16:10:21+01:00
44.8824088, -0.5695938;"{""coordinates"": [-0.5695938, 44.8824088], ""type"": ""Point""}";1729;0;;060;33063;90 Cours du Québec;VOIRIE;CITIZ;Québec;1;0;0;LIBRE;True;2023-11-28T16:13:52+01:00;2023-12-01T13:59:12+01:00
44.8317408, -0.5734495;"{""coordinates"": [-0.5734495, 44.8317408], ""type"": ""Point""}";1731;0;;069;33063;75 Cours Pasteur;VOIRIE;CITIZ;Victoire / Pasteur;2;0;0;LIBRE;True;2023-11-28T16:55:29+01:00;2023-11-28T16:55:29+01:00
44.8559313, -0.5340841;"{""coordinates"": [-0.5340841, 44.8559313], ""type"": ""Point""}";1195;0;;073;33119;69 Avenue Jean Jaurès 33150 Cenon;VOIRIE;CITIZ;Gare de Cenon;3;0;0;LIBRE;True;2017-12-05T00:00:00+01:00;2023-11-29T14:54:58+01:00
44.8119081, -0.5906108;"{""coordinates"": [-0.5906108, 44.8119081], ""type"": ""Point""}";1196;0;;083;33522;300 Cours de la Libération 33400 Talence;VOIRIE;CITIZ;Talence Forum;2;0;0;LIBRE;True;2017-12-05T00:00:00+01:00;2023-11-29T15:02:35+01:00
44.8046277, -0.6322038;"{""coordinates"": [-0.6322038, 44.8046277], ""type"": ""Point""}";1197;0;;082;33318;23 Rue Eugène et Marc Dulout 33600 Pessac;VOIRIE;CITIZ;Gare de Pessac;3;0;0;LIBRE;True;2017-12-05T00:00:00+01:00;2023-11-29T15:02:12+01:00
44.8352923, -0.5724625;"{""coordinates"": [-0.5724625, 44.8352923], ""type"": ""Point""}";1198;0;;070;33063;117 Cours Victor Hugo 33000 Bordeaux;PARKING_PUBLIC;CITIZ;Victor Hugo parking Metpark;5;0;0;SOUS_CONDITION;True;2017-12-05T00:00:00+01:00;2023-11-28T16:57:06+01:00
44.8146197, -0.5504697;"{""coordinates"": [-0.5504697, 44.8146197], ""type"": ""Point""}";1204;0;;002;33039;25 Rue Robert Schuman 33130 Bègles;VOIRIE;CITIZ;Bègles Terres Neuves;3;0;0;LIBRE;True;2017-12-05T00:00:00+01:00;2023-11-28T11:09:34+01:00
44.8253783, -0.577599;"{""coordinates"": [-0.577599, 44.8253783], ""type"": ""Point""}";1205;0;;014;33063;166 Cours de l'Argonne 33800 Bordeaux;VOIRIE;CITIZ;Bergonié;3;0;0;LIBRE;True;2017-12-05T00:00:00+01:00;2023-12-01T13:46:14+01:00
44.8247479, -0.5700105;"{""coordinates"": [-0.5700105, 44.8247479], ""type"": ""Point""}";1210;0;;011';33063;140 Cours de l'Yser 33800 Bordeaux;VOIRIE;CITIZ;Yser / Brémontier;1;0;0;LIBRE;True;2017-12-05T00:00:00+01:00;2023-12-01T13:50:21+01:00
44.8411112, -0.5614312;"{""coordinates"": [-0.5614312, 44.8411112], ""type"": ""Point""}";1214;0;;065;33063;1 Allée Serr 33100 Bordeaux;VOIRIE;CITIZ;Stalingrad Serr;2;0;0;LIBRE;True;2017-12-05T00:00:00+01:00;2023-11-28T16:50:23+01:00
44.8361236, -0.5753924;"{""coordinates"": [-0.5753924, 44.8361236], ""type"": ""Point""}";1218;0;;047;33063;14 Cours Pasteur 33000 Bordeaux;VOIRIE;CITIZ;Musée Aquitaine;2;0;0;LIBRE;True;2017-12-05T00:00:00+01:00;2023-11-28T15:39:24+01:00
44.8319299, -0.5751025;"{""coordinates"": [-0.5751025, 44.8319299], ""type"": ""Point""}";1219;0;;067;33063;68 Rue Henri IV 33000 Bordeaux;VOIRIE;CITIZ;Victoire HENRI IV;2;0;0;LIBRE;True;2017-12-05T00:00:00+01:00;2023-11-28T16:52:42+01:00
44.8664174, -0.5753998;"{""coordinates"": [-0.5753998, 44.8664174], ""type"": ""Point""}";1227;0;;062;33063;5 place Ravezies 333000 Bordeaux;VOIRIE;CITIZ;Ravezies;2;0;0;LIBRE;True;2018-10-23T16:01:08+02:00;2023-11-28T16:17:52+01:00
44.8444762, -0.5597399;"{""coordinates"": [-0.5597399, 44.8444762], ""type"": ""Point""}";1231;0;;036;33063;69 Allée Jean Giono;VOIRIE;CITIZ;Giono;3;0;0;LIBRE;True;;2023-11-28T15:01:24+01:00
44.8400005, -0.5830025;"{""coordinates"": [-0.5830025, 44.8400005], ""type"": ""Point""}";1232;0;;116;33063;38 Rue Edmond Michelet 33000 Bordeaux;PARKING_PUBLIC;CITIZ;Gambetta Parking Metpark;0;0;0;SOUS_CONDITION;True;;2023-11-29T16:47:03+01:00
44.8383641, -0.6158506;"{""coordinates"": [-0.6158506, 44.8383641], ""type"": ""Point""}";1234;0;;081;33281;Place Mondésir 33700 Mérignac;VOIRIE;CITIZ;Place Mondésir;1;0;0;LIBRE;True;;2023-11-29T15:01:09+01:00
44.8554174, -0.5710945;"{""coordinates"": [-0.5710945, 44.8554174], ""type"": ""Point""}";1235;0;;12';33063;1 Crs Balguerie Stuttenberg;VOIRIE;CITIZ;Picard;2;0;0;LIBRE;True;;2023-11-29T16:36:20+01:00
44.8309778, -0.5719253;"{""coordinates"": [-0.5719253, 44.8309778], ""type"": ""Point""}";1238;0;;068;33063;10 Place de la Victoire 33000 Bordeaux;PARKING_PUBLIC;CITIZ;Victoire Parking Metpark;2;0;0;LIBRE;True;;2023-11-28T16:53:00+01:00
44.8637812, -0.6061357;"{""coordinates"": [-0.6061357, 44.8637812], ""type"": ""Point""}";1749;0;;126;33069;Av De Lattre De Tassigny;AUTRE;CITIZ;Titi Floris Tassigny;1;0;0;LIBRE;True;2023-11-29T17:08:34+01:00;2023-11-29T17:08:34+01:00
44.8605123, -0.6563005;"{""coordinates"": [-0.6563005, 44.8605123], ""type"": ""Point""}";1739;0;;101;33162;Rue de Castrillon;VOIRIE;CITIZ;Titi Floris Eysines;1;0;0;LIBRE;True;2023-11-29T16:07:11+01:00;2023-11-29T16:07:11+01:00
44.8523042, -0.6549317;"{""coordinates"": [-0.6549317, 44.8523042], ""type"": ""Point""}";1741;0;;105;33281;27 rue des Vignobles;PARKING_PUBLIC;CITIZ;Titi Floris Vignobles;1;0;0;LIBRE;True;2023-11-29T16:20:02+01:00;2023-11-29T16:20:02+01:00
44.8247131, -0.6550373;"{""coordinates"": [-0.6550373, 44.8247131], ""type"": ""Point""}";1742;0;;106;33281;33 Rue de Clairiere des Ontines;VOIRIE;CITIZ;Titi Floris les Ontines;1;0;0;LIBRE;True;2023-11-29T16:23:01+01:00;2023-11-29T16:23:01+01:00
44.8604125, -0.5758557;"{""coordinates"": [-0.5758557, 44.8604125], ""type"": ""Point""}";1746;0;;121;33063;2 Rue des Frères Portmann;VOIRIE;CITIZ;Titi Floris Portmann;1;0;0;LIBRE;True;2023-11-29T16:56:55+01:00;2023-11-29T16:56:55+01:00
44.8637956, -0.6195992;"{""coordinates"": [-0.6195992, 44.8637956], ""type"": ""Point""}";1698;0;;006;33063;240 Avenue d'Eysines, face au 421;VOIRIE;CITIZ;avenue d'Eysines;2;0;0;LIBRE;True;2023-11-28T11:18:24+01:00;2023-11-28T11:18:24+01:00
44.8537685, -0.592325;"{""coordinates"": [-0.592325, 44.8537685], ""type"": ""Point""}";1700;0;;011;33063;8 Rue Nicolas Beaujon;PARKING_PUBLIC;CITIZ;Beaujon;1;0;0;LIBRE;True;2023-11-28T11:54:57+01:00;2023-11-28T13:21:52+01:00
44.835816, -0.5694336;"{""coordinates"": [-0.5694336, 44.835816], ""type"": ""Point""}";1702;0;;016;33063;Face 2 Rue des Boucheries;VOIRIE;CITIZ;Boucheries;2;0;0;LIBRE;True;2023-11-28T13:18:47+01:00;2023-11-28T13:18:47+01:00
44.8370222, -0.5775779;"{""coordinates"": [-0.5775779, 44.8370222], ""type"": ""Point""}";1704;0;;022;33063;12-14 Rue du Cdt Arnould;VOIRIE;CITIZ;Commandant Arnould;2;0;0;LIBRE;True;2023-11-28T13:40:55+01:00;2023-11-28T13:40:55+01:00
44.8354213, -0.5990012;"{""coordinates"": [-0.5990012, 44.8354213], ""type"": ""Point""}";1711;0;;032;33063;25 Blvd Antoine Gauthier;VOIRIE;CITIZ;Gauthier / Chartreuse;2;0;0;LIBRE;True;2023-11-28T14:50:29+01:00;2023-11-28T14:50:29+01:00
44.8598101, -0.5812434;"{""coordinates"": [-0.5812434, 44.8598101], ""type"": ""Point""}";1713;0;;037;33063;36 Louis Geandreau;VOIRIE;CITIZ;Grand Parc / Europe;1;0;0;LIBRE;True;2023-11-28T15:05:04+01:00;2023-11-28T15:05:04+01:00
44.8375215, -0.5812396;"{""coordinates"": [-0.5812396, 44.8375215], ""type"": ""Point""}";1714;0;;038;33063;Cours d'Albret (Jardins hôtel de ville);VOIRIE;CITIZ;Jardins Hôtel de Ville;2;0;0;LIBRE;True;2023-11-28T15:20:14+01:00;2023-11-28T15:20:14+01:00
44.816646, -0.5491636;"{""coordinates"": [-0.5491636, 44.816646], ""type"": ""Point""}";1715;0;;040;33063;258 Blvd JJ Bosc, face au 241;VOIRIE;CITIZ;Jean-Jacques Bosc;2;0;0;LIBRE;True;2023-11-28T15:24:13+01:00;2023-12-01T14:09:50+01:00
44.8633045, -0.5571561;"{""coordinates"": [-0.5571561, 44.8633045], ""type"": ""Point""}";1718;0;;043;33063;37 Rue Lucien Faure - 33300 Bordeaux;VOIRIE;CITIZ;Lucien Faure;2;0;0;LIBRE;True;2023-11-28T15:29:00+01:00;2023-11-28T15:29:00+01:00
44.838307, -0.5835208;"{""coordinates"": [-0.5835208, 44.838307], ""type"": ""Point""}";1719;0;;015;33063;Rue Cl Bonnier / angle Ch d'eau;VOIRIE;CITIZ;Bonnier / Chateau d'Eau;1;0;0;LIBRE;True;2023-11-28T15:34:08+01:00;2023-11-28T15:34:08+01:00
44.8304465, -0.5886898;"{""coordinates"": [-0.5886898, 44.8304465], ""type"": ""Point""}";1720;0;;046;33063;169 Rue de Mouneyra;VOIRIE;CITIZ;Mouneyra;2;0;0;LIBRE;True;2023-11-28T15:38:47+01:00;2023-11-28T15:38:47+01:00
44.8215272, -0.5724988;"{""coordinates"": [-0.5724988, 44.8215272], ""type"": ""Point""}";1721;0;;048;33063;231 Cours de la Somme - 33800 Bordeaux;VOIRIE;CITIZ;Nansouty / Somme;2;0;0;LIBRE;True;2023-11-28T15:42:06+01:00;2023-11-28T15:42:06+01:00
44.8261032, -0.5473913;"{""coordinates"": [-0.5473913, 44.8261032], ""type"": ""Point""}";1723;0;;050;33063;Quai de Paludate;PARKING_PUBLIC;CITIZ;Paludate;2;0;0;SOUS_CONDITION;True;2023-11-28T15:53:56+01:00;2023-11-28T15:53:56+01:00
44.8460713, -0.6132086;"{""coordinates"": [-0.6132086, 44.8460713], ""type"": ""Point""}";1726;0;;056;33063;Rue Bahr;VOIRIE;CITIZ;Place Lopès / Bahr;2;0;0;LIBRE;True;2023-11-28T16:04:50+01:00;2023-11-28T16:04:50+01:00
44.8788931, -0.5706671;"{""coordinates"": [-0.5706671, 44.8788931], ""type"": ""Point""}";1194;0;;035;33063;29 Cours de Québec 33300 Bordeaux;VOIRIE;CITIZ;Ginko;1;0;0;LIBRE;True;2017-12-05T00:00:00+01:00;2023-11-28T15:00:46+01:00
44.8448461, -0.5784299;"{""coordinates"": [-0.5784299, 44.8448461], ""type"": ""Point""}";1199;0;;066;33063;1 Rue Huguerie 33000 Bordeaux;VOIRIE;CITIZ;Tourny (Huguerie);3;0;0;LIBRE;True;2017-12-05T09:21:53+01:00;2023-11-28T16:51:36+01:00
44.8498715, -0.5707064;"{""coordinates"": [-0.5707064, 44.8498715], ""type"": ""Point""}";1201;0;;020;33063;17 quai des Chartrons 33000 Bordeaux;PARKING_PUBLIC;CITIZ;Cité Mondiale Parcub;3;0;0;SOUS_CONDITION;True;2017-12-05T00:00:00+01:00;2023-11-28T13:28:45+01:00
44.8302086, -0.5609472;"{""coordinates"": [-0.5609472, 44.8302086], ""type"": ""Point""}";1202;0;;064;33063;2bis Rue des Étables 33800 Bordeaux;VOIRIE;CITIZ;Sainte Croix Etables;3;0;0;LIBRE;True;2017-12-05T00:00:00+01:00;2023-11-28T16:49:51+01:00
44.8271501, -0.5579354;"{""coordinates"": [-0.5579354, 44.8271501], ""type"": ""Point""}";1203;0;;031;33063;4 Rue Saint-Vincent-de-Paul 33800 Bordeaux;VOIRIE;CITIZ;Gare Saint Jean;2;0;0;LIBRE;True;2017-12-05T00:00:00+01:00;2023-11-28T14:48:08+01:00
44.8406927, -0.6472622;"{""coordinates"": [-0.6472622, 44.8406927], ""type"": ""Point""}";1206;0;;080;33281;21 Avenue du Maréchal Leclerc 33700 Mérignac;VOIRIE;CITIZ;Mérignac Centre;2;0;0;LIBRE;True;2017-12-05T00:00:00+01:00;2023-11-29T14:58:14+01:00
44.8340509, -0.5902734;"{""coordinates"": [-0.5902734, 44.8340509], ""type"": ""Point""}";1209;0;;037;33063;37 Rue Général de Larminat 33000 Bordeaux;VOIRIE;CITIZ;Larminat;3;0;0;LIBRE;True;2017-12-05T00:00:00+01:00;2023-11-28T14:58:59+01:00
44.8299125, -0.6029859;"{""coordinates"": [-0.6029859, 44.8299125], ""type"": ""Point""}";1211;0;;051;33063;6 rue de Canolle 33000 Bordeaux;VOIRIE;CITIZ;Pellegrin;2;0;0;LIBRE;True;2017-12-05T00:00:00+01:00;2023-11-28T15:54:31+01:00
44.8379465, -0.576175;"{""coordinates"": [-0.576175, 44.8379465], ""type"": ""Point""}";1212;0;;053;33063;17 Place Pey Berland 33000 Bordeaux;PARKING_PUBLIC;CITIZ;Parking Pey Berland Metpark;3;0;0;SOUS_CONDITION;True;2017-12-05T00:00:00+01:00;2023-11-28T15:57:37+01:00
44.8598847, -0.554837;"{""coordinates"": [-0.554837, 44.8598847], ""type"": ""Point""}";1215;0;;017;33063;76 quai de Bacalan 33300 Bordeaux;VOIRIE;CITIZ;Cap Sciences;2;0;0;LIBRE;True;2017-12-05T00:00:00+01:00;2023-11-28T13:21:11+01:00
44.8513151, -0.5962101;"{""coordinates"": [-0.5962101, 44.8513151], ""type"": ""Point""}";1216;0;;018;33063;7 Avenue Carnot 33200 Bordeaux;VOIRIE;CITIZ;Carnot Parc Bordelais;3;0;0;LIBRE;True;2017-12-05T00:00:00+01:00;2023-11-28T13:24:02+01:00
44.8466425, -0.573551;"{""coordinates"": [-0.573551, 44.8466425], ""type"": ""Point""}";1221;0;;061;33063;31 Allées de Chartres 33000 Bordeaux;PARKING_PUBLIC;CITIZ;Quinconces Parking Metpark;5;0;0;SOUS_CONDITION;True;2017-12-05T00:00:00+01:00;2023-11-28T16:14:27+01:00
44.8256214, -0.5884047;"{""coordinates"": [-0.5884047, 44.8256214], ""type"": ""Point""}";1223;0;;009;33063;1 rue de Ségur 33000 Bordeaux;VOIRIE;CITIZ;Barrière de Pessac;2;0;0;LIBRE;True;2018-10-23T15:49:50+02:00;2023-11-28T11:51:25+01:00
44.8249915, -0.563388;"{""coordinates"": [-0.563388, 44.8249915], ""type"": ""Point""}";1224;0;;044;33063;90 rue Malbec 33800 Bordeaux;VOIRIE;CITIZ;Malbec;2;0;0;LIBRE;True;2018-10-23T15:53:45+02:00;2023-11-28T15:29:31+01:00
44.826229, -0.6242972;"{""coordinates"": [-0.6242972, 44.826229], ""type"": ""Point""}";1228;0;;079;33281;2 Rue Camille Vic 33700 Mérignac;VOIRIE;CITIZ;Arlac Peychotte;1;0;0;LIBRE;True;;2023-11-29T14:57:54+01:00
44.8518723, -0.5722257;"{""coordinates"": [-0.5722257, 44.8518723], ""type"": ""Point""}";1230;0;;019;33063;11 Place du Marché Chartrons;VOIRIE;CITIZ;Chartrons / Notre Dame;2;0;0;LIBRE;True;;2023-11-28T13:28:01+01:00
44.8658614, -0.5993793;"{""coordinates"": [-0.5993793, 44.8658614], ""type"": ""Point""}";1233;0;;078;33069;12bis Rue Coudol 33110 Le Bouscat;VOIRIE;CITIZ;Mairie du Bouscat (parking Rue Coudol);1;0;0;LIBRE;True;;2023-11-29T14:57:21+01:00
44.8845296, -0.6028656;"{""coordinates"": [-0.6028656, 44.8845296], ""type"": ""Point""}";1733;0;;072;33075;Rue du Réduit, 33520 Bruges;VOIRIE;CITIZ;Réduit Grand Darnal;3;0;0;LIBRE;True;2023-11-29T14:51:38+01:00;2023-11-29T14:51:38+01:00
44.8987318, -0.521205;"{""coordinates"": [-0.521205, 44.8987318], ""type"": ""Point""}";1736;0;;088;33032;14 Rue de la Roseraie;VOIRIE;CITIZ;Titi Floris Bassens;1;0;0;LIBRE;True;2023-11-29T15:52:24+01:00;2023-11-29T15:52:24+01:00
44.8569009, -0.6583103;"{""coordinates"": [-0.6583103, 44.8569009], ""type"": ""Point""}";1743;0;;108;33281;100 Avenue de Magudas - 33700 Mérignac;VOIRIE;CITIZ;Titi Floris Magudas;1;0;0;LIBRE;True;2023-11-29T16:24:35+01:00;2023-11-29T16:24:35+01:00
44.8416108, -0.6167472;"{""coordinates"": [-0.6167472, 44.8416108], ""type"": ""Point""}";1745;0;;120;33063;Rue du Professeur Moreau;AUTRE;CITIZ;Titi Floris Moreau;1;0;0;LIBRE;True;2023-11-29T16:55:07+01:00;2023-11-29T16:55:07+01:00
44.852216, -0.6226538;"{""coordinates"": [-0.6226538, 44.852216], ""type"": ""Point""}";1747;0;;122;33063;29 Rue Poujeau - 33200 Bordeaux;VOIRIE;CITIZ;Titi Floris Poujeau;1;0;0;LIBRE;True;2023-11-29T16:58:06+01:00;2023-11-29T16:58:06+01:00
44.8114535, -0.5631403;"{""coordinates"": [-0.5631403, 44.8114535], ""type"": ""Point""}";1697;0;;003;33039;7 Rue Anatole France;VOIRIE;CITIZ;Anatole France;2;0;0;LIBRE;True;2023-11-28T11:12:55+01:00;2023-11-28T11:12:55+01:00
44.8142508, -0.572717;"{""coordinates"": [-0.572717, 44.8142508], ""type"": ""Point""}";1699;0;;008;33063;5 Route de Toulouse;VOIRIE;CITIZ;Barrière de Toulouse;2;0;0;LIBRE;True;2023-11-28T11:48:20+01:00;2023-11-28T11:48:20+01:00
44.8396221, -0.6055387;"{""coordinates"": [-0.6055387, 44.8396221], ""type"": ""Point""}";1701;0;;012;33063;122 Avenue de la République;VOIRIE;CITIZ;Bel-Air / République;1;0;0;LIBRE;True;2023-11-28T13:03:27+01:00;2023-11-28T13:03:27+01:00
44.8445239, -0.5784037;"{""coordinates"": [-0.5784037, 44.8445239], ""type"": ""Point""}";1703;0;;021;33063;61 crs Georges Clémenceau;VOIRIE;CITIZ;Clémenceau / Tourny;2;0;0;LIBRE;True;2023-11-28T13:33:19+01:00;2023-11-28T13:33:19+01:00
44.8631693, -0.5725134;"{""coordinates"": [-0.5725134, 44.8631693], ""type"": ""Point""}";1705;0;;024;33063;149-151 Crs du Médoc;VOIRIE;CITIZ;Cours du Médoc / Tatry;2;0;0;LIBRE;True;2023-11-28T13:42:53+01:00;2023-11-28T13:42:53+01:00
44.8495277, -0.5614649;"{""coordinates"": [-0.5614649, 44.8495277], ""type"": ""Point""}";1706;0;;024;33063;87 Quai des Queyries;VOIRIE;CITIZ;Darwin;4;0;0;LIBRE;True;2023-11-28T13:44:34+01:00;2023-11-28T13:44:34+01:00
44.8537991, -0.5791299;"{""coordinates"": [-0.5791299, 44.8537991], ""type"": ""Point""}";1716;0;;041;33063;39 Rue Lagrange;VOIRIE;CITIZ;Lagrange / Frère;2;0;0;LIBRE;True;2023-11-28T15:25:34+01:00;2023-11-28T15:25:34+01:00
44.8650981, -0.5655668;"{""coordinates"": [-0.5655668, 44.8650981], ""type"": ""Point""}";1717;0;;042;33063;39 Crs Louis Fargue;VOIRIE;CITIZ;Louis Fargue;2;0;0;LIBRE;True;2023-11-28T15:27:37+01:00;2023-11-28T15:27:37+01:00
44.8238643, -0.5583645;"{""coordinates"": [-0.5583645, 44.8238643], ""type"": ""Point""}";1724;0;;052;33063;1 Rue Pelleport;VOIRIE;CITIZ;Pelleport / Pont DuGuit;2;0;0;LIBRE;True;2023-11-28T15:56:55+01:00;2023-11-28T15:56:55+01:00
44.8408336, -0.5924643;"{""coordinates"": [-0.5924643, 44.8408336], ""type"": ""Point""}";1725;0;;055;33063;Place Dutertre;VOIRIE;CITIZ;Piscine Judaïque;2;0;0;LIBRE;True;2023-11-28T16:02:50+01:00;2023-11-28T16:02:50+01:00
44.8579582, -0.5698971;"{""coordinates"": [-0.5698971, 44.8579582], ""type"": ""Point""}";1730;0;;063;33063;54 cours Saint Louis;VOIRIE;CITIZ;Saint-Louis;1;0;0;LIBRE;True;2023-11-28T16:49:05+01:00;2023-11-28T16:49:05+01:00
